,left
10388,False
7447,False
9958,False
11004,False
1080,True
3589,False
2860,False
4777,False
11452,False
3806,False
7379,False
8640,False
10088,False
3669,False
10976,False
9508,False
11389,False
2615,False
1559,True
8814,False
5949,False
8322,False
7597,False
10141,False
7475,False
8511,False
852,True
7967,False
10325,False
9619,False
10607,False
9968,False
4967,False
7381,False
4042,False
779,True
11667,False
11748,False
2869,False
11478,False
8464,False
9293,False
8892,False
6759,False
1150,True
1326,True
1148,True
2242,False
5833,False
5496,False
7024,False
548,True
3622,False
3002,False
3824,False
3197,False
3538,False
2558,False
10028,False
8811,False
5590,False
1592,True
9004,False
11990,False
6392,False
2453,False
11340,False
7650,False
11915,False
7953,False
2925,False
8619,False
11899,False
10611,False
5979,False
7704,False
6624,False
4891,False
10757,False
6231,False
800,True
4498,False
11728,False
4952,False
1298,True
6177,False
2228,False
1663,True
4200,False
11984,False
4799,False
5741,False
762,True
3432,False
1935,True
11310,False
8896,False
10415,False
8394,False
7525,False
9129,False
8647,False
8225,False
2789,False
3916,False
10698,False
10461,False
700,True
3865,False
5357,False
8866,False
5608,False
7248,False
11380,False
5013,False
2614,False
4653,False
5880,False
9670,False
6060,False
6311,False
3350,False
8413,False
9130,False
7937,False
9814,False
10175,False
1877,True
9712,False
10299,False
7858,False
8887,False
7903,False
5255,False
2593,False
4415,False
9256,False
6694,False
652,True
2692,False
11416,False
7052,False
3068,False
7657,False
1918,True
4807,False
5747,False
2245,False
1975,True
3145,False
3233,False
9275,False
8433,False
76,True
10916,False
7227,False
11179,False
7684,False
1967,True
3801,False
7275,False
1896,True
5861,False
11776,False
9146,False
4079,False
222,True
2159,False
7274,False
11060,False
8944,False
11519,False
1480,True
1324,True
2521,False
3249,False
6575,False
844,True
6308,False
938,True
2861,False
11263,False
1173,True
2430,False
10358,False
2663,False
10544,False
7452,False
677,True
1418,True
239,True
10674,False
2452,False
4065,False
824,True
10619,False
7760,False
10617,False
8300,False
11480,False
10364,False
7450,False
7764,False
8510,False
1279,True
5685,False
9465,False
6853,False
5485,False
1352,True
303,True
10300,False
1704,True
448,True
3487,False
8287,False
4480,False
1106,True
4758,False
873,True
10333,False
10776,False
6685,False
8707,False
5010,False
3811,False
6910,False
6435,False
1006,True
10683,False
5067,False
4602,False
998,True
3430,False
336,True
1091,True
10546,False
6320,False
2325,False
11876,False
10598,False
10277,False
1973,True
7078,False
879,True
6172,False
4047,False
9429,False
3467,False
5663,False
4900,False
10557,False
6349,False
5000,False
3739,False
6548,False
9974,False
854,True
8939,False
6107,False
5603,False
173,True
1327,True
1491,True
6036,False
6410,False
3308,False
3600,False
3396,False
10245,False
9868,False
4623,False
10262,False
6314,False
1376,True
2546,False
5253,False
10447,False
1094,True
10831,False
3849,False
199,True
11406,False
5805,False
4178,False
3675,False
4141,False
3738,False
4590,False
7777,False
5465,False
3422,False
11472,False
7348,False
8690,False
2660,False
10715,False
11934,False
3522,False
5315,False
5558,False
2090,False
4307,False
2011,False
7542,False
8258,False
11613,False
3703,False
5494,False
6623,False
3771,False
10633,False
11644,False
8321,False
9813,False
10923,False
8535,False
6511,False
3474,False
6198,False
5439,False
11166,False
3652,False
4840,False
6202,False
2849,False
463,True
1819,True
10706,False
10842,False
6183,False
7153,False
3756,False
7117,False
8519,False
380,True
6101,False
10481,False
4357,False
3019,False
7269,False
5269,False
9345,False
4033,False
9364,False
7794,False
3696,False
9218,False
3645,False
4607,False
10306,False
8807,False
9403,False
10895,False
1630,True
6431,False
5694,False
715,True
4499,False
3567,False
781,True
8129,False
2309,False
8355,False
4168,False
8257,False
10898,False
741,True
9728,False
1926,True
5531,False
4484,False
2049,False
11956,False
3936,False
1142,True
186,True
9097,False
11862,False
8728,False
3708,False
8060,False
8868,False
6681,False
7334,False
10979,False
10221,False
11247,False
8627,False
2643,False
1963,True
2074,False
6256,False
4831,False
2210,False
2288,False
9242,False
3173,False
8379,False
8829,False
8917,False
3751,False
6819,False
10304,False
11796,False
8989,False
6114,False
1456,True
11362,False
11809,False
6959,False
4475,False
1096,True
6026,False
3069,False
1584,True
2451,False
10322,False
11320,False
11496,False
9583,False
2832,False
2082,False
5045,False
3194,False
1154,True
8875,False
3424,False
7064,False
9843,False
5154,False
6334,False
5200,False
4433,False
1585,True
6896,False
7190,False
3815,False
10207,False
4880,False
11822,False
4457,False
8342,False
11630,False
3840,False
11279,False
10108,False
1055,True
11173,False
3947,False
9989,False
6818,False
1899,True
2256,False
4421,False
1458,True
4179,False
6498,False
4019,False
836,True
9852,False
4619,False
10946,False
5016,False
1815,True
8436,False
4338,False
6372,False
3517,False
11538,False
7560,False
4920,False
8585,False
2754,False
11316,False
7853,False
7189,False
7483,False
11434,False
2510,False
11288,False
1015,True
10951,False
6715,False
1933,True
7808,False
8621,False
10374,False
9819,False
5058,False
148,True
8550,False
5345,False
6645,False
1665,True
7755,False
11512,False
5302,False
4545,False
7655,False
5989,False
3256,False
11134,False
5756,False
8434,False
7813,False
2456,False
774,True
8353,False
7563,False
10315,False
8137,False
9940,False
6556,False
964,True
4839,False
7826,False
72,True
11792,False
298,True
10420,False
2760,False
9287,False
7865,False
7484,False
3147,False
5605,False
6397,False
4030,False
10768,False
11622,False
5355,False
2472,False
1875,True
7366,False
5746,False
6493,False
4308,False
413,True
8459,False
10228,False
5910,False
8047,False
4698,False
6571,False
2015,False
5474,False
2535,False
7333,False
6254,False
2879,False
420,True
10387,False
8615,False
7198,False
291,True
1030,True
3376,False
7582,False
5410,False
6131,False
3317,False
11531,False
11238,False
7812,False
5424,False
765,True
11707,False
805,True
1073,True
2758,False
11993,False
5374,False
8560,False
6045,False
2855,False
4171,False
1699,True
4747,False
3206,False
4243,False
3651,False
1039,True
5386,False
10873,False
6430,False
1218,True
10349,False
9237,False
6636,False
4828,False
1014,True
2040,False
6484,False
1346,True
4016,False
10468,False
5617,False
4918,False
2850,False
39,True
8395,False
4266,False
10520,False
8506,False
2338,False
1618,True
10251,False
10882,False
3628,False
4076,False
5109,False
3647,False
4466,False
10712,False
11216,False
4605,False
1888,True
10750,False
10614,False
5322,False
9475,False
8219,False
6587,False
4114,False
972,True
301,True
11180,False
6423,False
8375,False
3167,False
10435,False
203,True
11014,False
656,True
6806,False
7434,False
5865,False
10101,False
11368,False
7586,False
4717,False
7408,False
4872,False
9418,False
6655,False
8533,False
10182,False
2524,False
7500,False
4220,False
2582,False
6128,False
185,True
4181,False
8019,False
10410,False
3138,False
11691,False
6479,False
2993,False
6568,False
2419,False
2155,False
4061,False
11607,False
11894,False
3481,False
4639,False
10082,False
1300,True
6299,False
10201,False
1386,True
10985,False
1431,True
627,True
1525,True
1647,True
8659,False
6265,False
9607,False
9020,False
385,True
566,True
549,True
5598,False
7449,False
11821,False
5064,False
2873,False
9741,False
4074,False
8492,False
8730,False
8163,False
2050,False
1245,True
10567,False
180,True
6211,False
9085,False
6809,False
3837,False
3192,False
6551,False
3313,False
9766,False
610,True
3029,False
3881,False
11333,False
4905,False
1570,True
5223,False
3311,False
7010,False
6578,False
7554,False
8377,False
5353,False
3985,False
9060,False
2484,False
6501,False
8470,False
4277,False
3195,False
10823,False
4278,False
11460,False
8771,False
7457,False
5668,False
9732,False
1762,True
6552,False
9790,False
4933,False
10701,False
734,True
3994,False
6092,False
5857,False
2940,False
389,True
8156,False
7559,False
4585,False
1130,True
5326,False
6964,False
4825,False
7495,False
11331,False
1849,True
8777,False
7091,False
11889,False
10883,False
10845,False
11135,False
11690,False
1589,True
3113,False
8860,False
7423,False
1621,True
8042,False
8607,False
7320,False
5573,False
7235,False
2538,False
1408,True
9301,False
11826,False
10758,False
4147,False
2619,False
3712,False
5629,False
2902,False
6802,False
1553,True
5611,False
269,True
11705,False
603,True
2458,False
8500,False
2068,False
2572,False
9077,False
4858,False
6037,False
5001,False
3541,False
9225,False
888,True
803,True
2445,False
3951,False
527,True
9402,False
10588,False
3239,False
1603,True
4159,False
5097,False
9771,False
8203,False
9603,False
11474,False
11342,False
11011,False
3524,False
4886,False
810,True
8086,False
8159,False
6066,False
7164,False
7003,False
9113,False
5888,False
2466,False
4333,False
7615,False
9017,False
7369,False
9462,False
1637,True
2415,False
6801,False
3392,False
1305,True
6495,False
7077,False
3970,False
10083,False
4206,False
225,True
5921,False
8062,False
10941,False
296,True
4217,False
5816,False
79,True
11692,False
618,True
84,True
971,True
2728,False
8555,False
9946,False
612,True
2772,False
9455,False
9226,False
5534,False
7798,False
11615,False
1691,True
7120,False
3975,False
2916,False
9437,False
3958,False
1297,True
1847,True
4648,False
10654,False
2285,False
5856,False
7504,False
8586,False
3326,False
9036,False
3639,False
8837,False
6764,False
7836,False
5435,False
11516,False
4856,False
6347,False
6797,False
5369,False
523,True
9530,False
1158,True
5759,False
11572,False
11864,False
7529,False
62,True
6663,False
10139,False
3059,False
3217,False
10881,False
5011,False
7225,False
11910,False
3946,False
7506,False
4231,False
3535,False
2568,False
6520,False
3835,False
11919,False
7877,False
11914,False
8126,False
739,True
2783,False
9849,False
10773,False
3455,False
9648,False
9058,False
6662,False
4393,False
6760,False
4744,False
3359,False
4515,False
11716,False
6875,False
9714,False
3427,False
3934,False
3008,False
8402,False
5084,False
11751,False
4762,False
9772,False
8134,False
4204,False
217,True
6576,False
6781,False
588,True
8404,False
5166,False
7226,False
4996,False
5464,False
1019,True
828,True
2867,False
1005,True
2416,False
10812,False
81,True
3620,False
10490,False
469,True
4743,False
4847,False
10219,False
10687,False
9504,False
1172,True
213,True
9873,False
2032,False
10464,False
7100,False
11441,False
8698,False
1444,True
4267,False
4298,False
7353,False
5795,False
287,True
5184,False
3410,False
11514,False
1263,True
6064,False
10235,False
5081,False
3261,False
9510,False
4889,False
10784,False
10098,False
7543,False
9626,False
6006,False
9669,False
8620,False
1286,True
9067,False
8943,False
4310,False
10818,False
1152,True
8210,False
4444,False
10383,False
2364,False
276,True
9307,False
11871,False
4783,False
5171,False
2,True
5757,False
5083,False
6095,False
10623,False
6233,False
9253,False
8317,False
10218,False
3214,False
2974,False
10080,False
1302,True
5225,False
1765,True
7417,False
1638,True
1249,True
7407,False
2470,False
1374,True
3818,False
5235,False
3683,False
1311,True
231,True
2552,False
688,True
9201,False
4888,False
9754,False
1533,True
7915,False
7416,False
10041,False
6879,False
11360,False
2376,False
5394,False
9149,False
5247,False
7006,False
878,True
3833,False
465,True
10891,False
11685,False
10958,False
9976,False
95,True
7565,False
9001,False
6592,False
11069,False
3200,False
575,True
3551,False
3872,False
11865,False
1062,True
5227,False
7194,False
11056,False
9536,False
5295,False
7520,False
1335,True
5825,False
7878,False
1199,True
2561,False
3391,False
948,True
10403,False
9975,False
5179,False
5208,False
9279,False
5124,False
11330,False
8587,False
5524,False
9261,False
8048,False
6360,False
7150,False
8299,False
7476,False
6857,False
9479,False
11373,False
6494,False
4428,False
8919,False
7321,False
11294,False
4152,False
6766,False
5284,False
7005,False
7159,False
10853,False
9382,False
8552,False
10449,False
5006,False
7767,False
9298,False
3578,False
6627,False
6898,False
2675,False
1596,True
7464,False
8278,False
5943,False
8380,False
10302,False
5008,False
7963,False
8101,False
2679,False
3504,False
5838,False
4269,False
6641,False
224,True
306,True
867,True
3493,False
7922,False
3499,False
2724,False
6532,False
3944,False
1239,True
9809,False
6272,False
2710,False
6458,False
7711,False
5752,False
709,True
1129,True
9514,False
5445,False
10907,False
10265,False
163,True
11285,False
8637,False
9010,False
11172,False
3919,False
7284,False
1131,True
11786,False
3943,False
5319,False
11738,False
10138,False
321,True
4733,False
6963,False
7870,False
2975,False
3665,False
5518,False
5388,False
10710,False
11184,False
782,True
4453,False
2786,False
2601,False
2230,False
4379,False
6569,False
7001,False
5761,False
10240,False
11341,False
7145,False
5847,False
5429,False
634,True
5061,False
6691,False
6549,False
9613,False
11412,False
2695,False
432,True
6775,False
9740,False
5985,False
9527,False
1227,True
5177,False
1225,True
11487,False
9177,False
8561,False
11651,False
2365,False
10050,False
6255,False
11117,False
2720,False
7733,False
4252,False
10851,False
9074,False
1166,True
10126,False
9628,False
5286,False
422,True
6852,False
10056,False
10136,False
10096,False
4124,False
5110,False
1334,True
685,True
11361,False
2427,False
871,True
5942,False
1090,True
3067,False
564,True
3760,False
978,True
10099,False
10728,False
9284,False
4438,False
10977,False
5960,False
3043,False
6861,False
11855,False
5460,False
6489,False
7134,False
8776,False
11907,False
11859,False
6741,False
10089,False
8082,False
8140,False
7857,False
11391,False
6225,False
4314,False
8022,False
5299,False
6773,False
8842,False
3960,False
1982,True
1659,True
10780,False
2186,False
7378,False
11409,False
1100,True
2273,False
5587,False
7730,False
6170,False
11616,False
10738,False
2637,False
3911,False
5113,False
5698,False
5482,False
3361,False
7668,False
4249,False
7527,False
1008,True
2158,False
6906,False
10250,False
3809,False
4929,False
1403,True
125,True
8682,False
8014,False
4525,False
3398,False
10249,False
5148,False
3418,False
4473,False
3323,False
94,True
11778,False
5314,False
110,True
7550,False
9604,False
7432,False
6842,False
11849,False
6616,False
3842,False
10896,False
2162,False
6286,False
7754,False
5697,False
4113,False
3691,False
7315,False
3794,False
11054,False
11467,False
2246,False
8700,False
5473,False
9645,False
8635,False
6854,False
1269,True
6907,False
11509,False
9668,False
2496,False
11469,False
1601,True
1086,True
11639,False
89,True
3411,False
4896,False
11492,False
165,True
3262,False
9092,False
9546,False
3439,False
3407,False
7344,False
8239,False
4186,False
8308,False
4331,False
3406,False
2205,False
4328,False
3607,False
1524,True
5731,False
9294,False
410,True
3123,False
2258,False
4254,False
5120,False
4066,False
3353,False
419,True
27,True
11275,False
2938,False
11576,False
5453,False
2617,False
8719,False
8169,False
9031,False
3454,False
5559,False
8120,False
3737,False
2528,False
4346,False
3405,False
8425,False
5702,False
4878,False
1735,True
7081,False
11066,False
11752,False
2039,False
2725,False
11256,False
10412,False
8153,False
10194,False
2961,False
10202,False
9280,False
9198,False
11551,False
2834,False
11277,False
9091,False
11785,False
931,True
833,True
3066,False
7613,False
4264,False
2752,False
3666,False
4726,False
4724,False
9442,False
3338,False
9311,False
1484,True
5472,False
4177,False
11902,False
1594,True
2117,False
8800,False
1168,True
538,True
8710,False
5775,False
522,True
6960,False
1235,True
9875,False
3636,False
7285,False
5095,False
1554,True
5153,False
10133,False
10972,False
4961,False
3245,False
7605,False
118,True
11905,False
7502,False
1515,True
1582,True
10407,False
9141,False
3479,False
2622,False
390,True
4866,False
11700,False
6038,False
10085,False
4110,False
142,True
3860,False
10185,False
9631,False
8198,False
7606,False
7128,False
3912,False
4595,False
4118,False
8574,False
2507,False
6976,False
7257,False
6236,False
11405,False
6391,False
9739,False
535,True
625,True
8633,False
9157,False
6585,False
2646,False
3670,False
58,True
6706,False
572,True
9753,False
9166,False
3899,False
9780,False
8804,False
10884,False
11729,False
11949,False
1149,True
5809,False
5082,False
9760,False
1369,True
5152,False
1800,True
9175,False
6002,False
164,True
29,True
11935,False
175,True
4491,False
4038,False
5088,False
4830,False
829,True
3991,False
5987,False
2726,False
1471,True
8785,False
9136,False
10749,False
4626,False
2072,False
1837,True
2083,False
7247,False
9460,False
8017,False
3075,False
9487,False
1622,True
104,True
162,True
4149,False
3767,False
7566,False
6206,False
4148,False
2355,False
8193,False
4155,False
10766,False
4365,False
11678,False
9139,False
5268,False
4806,False
10774,False
3196,False
4196,False
6463,False
8289,False
9561,False
9602,False
962,True
2202,False
9823,False
565,True
7954,False
6644,False
5282,False
2835,False
98,True
10666,False
6003,False
6414,False
7231,False
11582,False
11251,False
3513,False
10017,False
9344,False
3351,False
1098,True
4225,False
8401,False
6656,False
7451,False
10817,False
9962,False
10049,False
4153,False
3102,False
11236,False
7855,False
8309,False
4754,False
7807,False
4459,False
8618,False
6229,False
9054,False
5391,False
11278,False
416,True
10705,False
6629,False
942,True
7170,False
10754,False
689,True
8600,False
4795,False
5358,False
11088,False
4702,False
10102,False
7132,False
6709,False
3235,False
5786,False
10220,False
993,True
2814,False
4209,False
9932,False
6285,False
10116,False
733,True
6164,False
8982,False
3933,False
3557,False
10003,False
11207,False
11153,False
851,True
6386,False
906,True
2318,False
8638,False
5202,False
9887,False
10673,False
8161,False
8025,False
8391,False
11020,False
11986,False
9988,False
7654,False
8705,False
11952,False
622,True
5561,False
3149,False
6565,False
2234,False
9695,False
8674,False
6730,False
1462,True
6612,False
6428,False
9900,False
6988,False
9620,False
7507,False
8873,False
7472,False
10830,False
6421,False
5638,False
8497,False
5557,False
7906,False
4909,False
7328,False
4288,False
3431,False
5233,False
6227,False
8669,False
4570,False
2146,False
5239,False
510,True
8742,False
519,True
6,True
9686,False
5296,False
9007,False
11870,False
6815,False
7420,False
16,True
6574,False
2067,False
3525,False
613,True
22,True
8411,False
726,True
4327,False
8133,False
10680,False
7314,False
7761,False
2688,False
1025,True
8883,False
8665,False
3891,False
4859,False
8389,False
6219,False
10437,False
729,True
11699,False
11269,False
11967,False
9306,False
1810,True
3373,False
143,True
8929,False
2896,False
9608,False
7144,False
379,True
6665,False
11647,False
11970,False
1857,True
3473,False
4207,False
671,True
1489,True
3341,False
4523,False
3006,False
9836,False
10781,False
10280,False
2820,False
11664,False
6849,False
8913,False
8768,False
5338,False
8973,False
864,True
4494,False
166,True
1362,True
4460,False
11301,False
1414,True
9926,False
11041,False
10536,False
11335,False
10475,False
4718,False
6058,False
7621,False
1549,True
669,True
7499,False
7260,False
10868,False
11101,False
11663,False
9861,False
5,True
9517,False
8444,False
7435,False
2076,False
3438,False
7573,False
6067,False
5060,False
2516,False
1482,True
11931,False
11683,False
6189,False
4705,False
3355,False
954,True
1041,True
542,True
9826,False
2065,False
5620,False
2823,False
562,True
905,True
7485,False
10803,False
2193,False
7834,False
179,True
7833,False
5201,False
930,True
10405,False
5529,False
10605,False
809,True
599,True
9928,False
6232,False
11540,False
4731,False
6166,False
2383,False
3191,False
9539,False
6816,False
2312,False
6743,False
3507,False
11831,False
4591,False
11459,False
10626,False
886,True
6787,False
10451,False
2782,False
4936,False
5027,False
6673,False
5021,False
8336,False
10775,False
151,True
7671,False
11102,False
8357,False
11980,False
6666,False
3476,False
63,True
8277,False
5998,False
2900,False
620,True
872,True
9652,False
718,True
11151,False
3044,False
5515,False
8576,False
9248,False
5811,False
10885,False
711,True
6321,False
10645,False
7318,False
1642,True
3594,False
1978,True
6269,False
1185,True
10505,False
3736,False
5318,False
7158,False
10653,False
7111,False
3083,False
7890,False
5848,False
8657,False
6749,False
6590,False
5402,False
6719,False
5236,False
11637,False
10743,False
2192,False
2694,False
4026,False
9435,False
11493,False
1692,True
10663,False
11959,False
2831,False
6504,False
251,True
9025,False
10478,False
7090,False
5696,False
6912,False
40,True
10727,False
7147,False
2426,False
9176,False
11392,False
161,True
443,True
5304,False
4701,False
5046,False
1709,True
9065,False
8734,False
3003,False
6901,False
11394,False
4548,False
6342,False
9986,False
11895,False
3569,False
3388,False
4404,False
11580,False
8260,False
10323,False
6695,False
4092,False
236,True
5379,False
4931,False
9577,False
8105,False
10055,False
11710,False
8263,False
5228,False
1534,True
4916,False
9503,False
279,True
5675,False
2347,False
8298,False
2187,False
10072,False
4089,False
3482,False
2671,False
3724,False
2624,False
6786,False
794,True
568,True
453,True
830,True
4794,False
3795,False
7669,False
10955,False
8830,False
6799,False
10792,False
3597,False
4296,False
6357,False
10065,False
10733,False
2297,False
11978,False
10165,False
11913,False
4984,False
9042,False
4778,False
8038,False
4097,False
10558,False
8323,False
1069,True
8920,False
10905,False
1102,True
6915,False
8824,False
4478,False
3461,False
3199,False
5364,False
5145,False
3846,False
9102,False
7355,False
8003,False
6465,False
11356,False
4084,False
4542,False
4557,False
7648,False
9214,False
1312,True
219,True
4860,False
1528,True
3088,False
6070,False
4368,False
10937,False
9202,False
6368,False
9187,False
5159,False
11311,False
4057,False
924,True
324,True
2704,False
11603,False
7938,False
7397,False
4821,False
7552,False
9417,False
1861,True
9161,False
10274,False
935,True
11884,False
3986,False
7419,False
7025,False
11619,False
6365,False
6995,False
7112,False
10214,False
9737,False
4565,False
2682,False
8794,False
6134,False
3413,False
8083,False
8143,False
5850,False
7756,False
7059,False
11111,False
8762,False
11517,False
5851,False
1964,True
6400,False
5306,False
8649,False
7817,False
9231,False
5672,False
11948,False
10578,False
5736,False
3268,False
7952,False
4642,False
71,True
11547,False
152,True
1726,True
6133,False
3298,False
11491,False
6193,False
6288,False
427,True
11798,False
8247,False
2588,False
5181,False
11730,False
2621,False
6617,False
3685,False
6873,False
6805,False
9884,False
710,True
2259,False
8667,False
3377,False
1613,True
6929,False
8806,False
2281,False
10225,False
10647,False
6441,False
5164,False
9366,False
5883,False
2157,False
5329,False
10314,False
435,True
5503,False
1527,True
6951,False
4902,False
2098,False
9793,False
7297,False
1688,True
3282,False
5193,False
6244,False
5722,False
3727,False
10040,False
9223,False
7762,False
10128,False
4763,False
4528,False
8016,False
8604,False
11866,False
350,True
1827,True
10057,False
11105,False
5679,False
1301,True
2696,False
11271,False
1143,True
4259,False
7587,False
11328,False
3242,False
3248,False
11703,False
196,True
11962,False
2306,False
9158,False
2038,False
226,True
5341,False
5977,False
9776,False
666,True
1876,True
7357,False
8978,False
8565,False
5580,False
9191,False
9404,False
1214,True
10739,False
8368,False
11635,False
4045,False
1067,True
96,True
3810,False
1586,True
3070,False
247,True
5939,False
764,True
382,True
4055,False
10238,False
1429,True
10334,False
6536,False
960,True
20,True
11083,False
724,True
5100,False
6832,False
4450,False
7040,False
6017,False
4425,False
6657,False
6426,False
8664,False
1156,True
4725,False
9846,False
5581,False
6382,False
11652,False
11964,False
4,True
7092,False
1138,True
8209,False
5831,False
5800,False
6318,False
9436,False
11164,False
517,True
3153,False
7863,False
5627,False
2054,False
6415,False
2631,False
4131,False
2946,False
177,True
11654,False
1124,True
4034,False
5090,False
11002,False
745,True
10166,False
11528,False
3577,False
5332,False
950,True
11383,False
9319,False
8409,False
10844,False
10498,False
11495,False
9328,False
10261,False
6091,False
11756,False
2384,False
4414,False
7805,False
10576,False
10764,False
3956,False
8012,False
10293,False
2735,False
1958,True
10298,False
8230,False
815,True
5836,False
8934,False
3908,False
3171,False
1354,True
7929,False
896,True
11218,False
6668,False
5112,False
1661,True
9045,False
3941,False
4361,False
10100,False
133,True
10418,False
8189,False
850,True
9123,False
6731,False
5365,False
8661,False
3800,False
9523,False
5336,False
11168,False
3889,False
1633,True
6614,False
7057,False
1927,True
11504,False
11065,False
7740,False
1708,True
9277,False
8551,False
9817,False
11966,False
5056,False
1191,True
10422,False
6480,False
6928,False
2428,False
10919,False
1095,True
3478,False
11372,False
2910,False
9547,False
10697,False
8196,False
8202,False
9876,False
8906,False
5291,False
1476,True
3528,False
2564,False
8108,False
4247,False
5826,False
9295,False
2812,False
3379,False
5683,False
2483,False
7729,False
2304,False
1774,True
5744,False
3976,False
6385,False
9329,False
6981,False
5368,False
1929,True
2126,False
5199,False
9093,False
4738,False
8141,False
4971,False
2219,False
4755,False
9103,False
9290,False
10978,False
1891,True
898,True
8266,False
2105,False
11503,False
3280,False
7747,False
4077,False
5111,False
5350,False
1889,True
11307,False
5813,False
2227,False
8997,False
9378,False
8935,False
877,True
1255,True
4752,False
8061,False
11877,False
5582,False
3859,False
3561,False
8645,False
7847,False
5613,False
6181,False
4339,False
3789,False
8290,False
2042,False
7537,False
11329,False
11371,False
7987,False
1155,True
4445,False
10509,False
1984,True
9616,False
9731,False
1183,True
2979,False
2668,False
7108,False
7622,False
8190,False
10910,False
11327,False
4899,False
10090,False
4681,False
10692,False
6146,False
10458,False
10256,False
2418,False
5522,False
1678,True
6987,False
11734,False
3864,False
9389,False
973,True
2103,False
928,True
1238,True
9516,False
154,True
9999,False
10107,False
5750,False
9551,False
7271,False
11719,False
11457,False
9701,False
2629,False
4080,False
4049,False
2468,False
9252,False
10348,False
8528,False
7869,False
2167,False
1572,True
8147,False
11431,False
1731,True
10036,False
6156,False
10551,False
9800,False
11432,False
3218,False
9081,False
1121,True
61,True
8358,False
3086,False
7303,False
3642,False
4122,False
7286,False
4815,False
245,True
4335,False
10707,False
437,True
9735,False
4527,False
6827,False
3293,False
464,True
9473,False
9132,False
11581,False
3953,False
10361,False
10953,False
3232,False
7744,False
7698,False
4255,False
4749,False
9094,False
5662,False
1730,True
6284,False
5882,False
8689,False
4477,False
9474,False
11163,False
51,True
4579,False
11470,False
7496,False
10026,False
10208,False
6526,False
3709,False
6118,False
861,True
7796,False
8505,False
8999,False
5572,False
9314,False
4301,False
820,True
7178,False
7628,False
10563,False
11462,False
7264,False
814,True
6778,False
2793,False
2326,False
6934,False
9600,False
2421,False
4714,False
11093,False
2519,False
6178,False
7123,False
9730,False
5814,False
9203,False
10566,False
4797,False
398,True
10222,False
9851,False
318,True
7998,False
2051,False
2425,False
5514,False
3092,False
1825,True
441,True
8541,False
10263,False
11854,False
787,True
6467,False
5822,False
9678,False
1562,True
9502,False
7171,False
10887,False
11183,False
545,True
3056,False
2661,False
10466,False
7218,False
3349,False
4834,False
646,True
2295,False
1040,True
9480,False
9724,False
561,True
6705,False
8294,False
8366,False
4586,False
2963,False
5540,False
3743,False
328,True
6675,False
7598,False
1333,True
11082,False
8736,False
587,True
502,True
8251,False
3052,False
4722,False
6889,False
2132,False
9062,False
8150,False
3662,False
6174,False
5121,False
5187,False
11280,False
769,True
2033,False
4372,False
1718,True
10814,False
2890,False
4180,False
7909,False
556,True
4306,False
811,True
6572,False
9569,False
5536,False
6615,False
9272,False
113,True
11089,False
2741,False
7119,False
2059,False
9023,False
4337,False
7731,False
5600,False
10217,False
11386,False
6837,False
4210,False
2868,False
9121,False
2858,False
7579,False
6986,False
2813,False
4969,False
3866,False
2190,False
2191,False
4928,False
6979,False
11620,False
11001,False
6647,False
4667,False
11448,False
9980,False
11426,False
4145,False
10691,False
9350,False
8523,False
1359,True
1412,True
8197,False
3161,False
635,True
3452,False
2254,False
9354,False
2996,False
6746,False
10625,False
4676,False
952,True
569,True
6487,False
4694,False
3468,False
4771,False
6701,False
1237,True
1253,True
4396,False
955,True
8688,False
6855,False
10184,False
8023,False
7845,False
1771,True
2402,False
9151,False
11132,False
5517,False
6968,False
11257,False
5895,False
2298,False
5246,False
8946,False
6841,False
5481,False
4004,False
945,True
10431,False
8539,False
917,True
11875,False
11645,False
1236,True
1715,True
2748,False
10510,False
5053,False
11853,False
10001,False
3699,False
11091,False
9249,False
4464,False
10009,False
770,True
4576,False
10327,False
731,True
2399,False
3602,False
1132,True
1416,True
11601,False
3598,False
8006,False
289,True
2578,False
10018,False
3366,False
2989,False
6941,False
6476,False
1994,True
2502,False
8370,False
11314,False
9321,False
4069,False
8350,False
6143,False
10732,False
10012,False
1768,True
5919,False
2664,False
6281,False
8340,False
8713,False
1157,True
10312,False
5093,False
2837,False
8782,False
7291,False
7571,False
11071,False
6364,False
4193,False
5867,False
6977,False
789,True
6609,False
5144,False
8010,False
6387,False
10255,False
10740,False
967,True
8439,False
10497,False
8412,False
3526,False
1406,True
11872,False
6687,False
10720,False
9051,False
8953,False
5298,False
5141,False
11016,False
1710,True
4072,False
8796,False
6358,False
7665,False
7656,False
8009,False
8125,False
10724,False
10813,False
2919,False
8751,False
7216,False
4680,False
7862,False
916,True
6270,False
8580,False
3212,False
10443,False
9183,False
6490,False
11973,False
3954,False
4218,False
9783,False
4235,False
1793,True
4578,False
6794,False
8261,False
7336,False
11868,False
8480,False
5609,False
11679,False
7098,False
3277,False
6812,False
5585,False
1229,True
232,True
5119,False
4325,False
11806,False
1778,True
3271,False
4965,False
10183,False
7135,False
1275,True
9356,False
8400,False
6266,False
1176,True
6708,False
4690,False
1101,True
6442,False
10714,False
7364,False
9685,False
1897,True
3387,False
3678,False
11965,False
2241,False
3460,False
6313,False
4063,False
1541,True
6784,False
10630,False
45,True
1226,True
8783,False
10897,False
11243,False
6890,False
3303,False
8676,False
5699,False
9656,False
11059,False
5214,False
3552,False
6830,False
7377,False
1763,True
4487,False
5944,False
6113,False
2147,False
4972,False
10394,False
1085,True
5909,False
4569,False
6996,False
218,True
8931,False
1064,True
2460,False
4135,False
28,True
1703,True
10301,False
8338,False
10909,False
3705,False
1380,True
3105,False
493,True
2565,False
358,True
2584,False
1807,True
1942,True
10998,False
4100,False
10564,False
4329,False
1422,True
5448,False
10634,False
3502,False
6109,False
2296,False
368,True
925,True
7255,False
3247,False
9367,False
8617,False
11297,False
2108,False
2882,False
9009,False
7901,False
4299,False
1219,True
8271,False
11248,False
884,True
7928,False
8958,False
9386,False
5217,False
2774,False
11717,False
9291,False
10370,False
4256,False
8479,False
9653,False
7603,False
2333,False
4495,False
969,True
11559,False
2569,False
9969,False
4245,False
11867,False
2341,False
10392,False
849,True
11074,False
11779,False
1998,True
3599,False
1077,True
3878,False
8672,False
4187,False
3812,False
8427,False
664,True
742,True
1580,True
1118,True
1619,True
263,True
3894,False
3287,False
9881,False
6209,False
1488,True
11231,False
1937,True
2962,False
2352,False
10155,False
6713,False
8955,False
4056,False
7994,False
4913,False
1882,True
1170,True
7058,False
7142,False
9015,False
2224,False
3989,False
10684,False
7880,False
11402,False
56,True
3626,False
9207,False
2727,False
8215,False
11510,False
9358,False
3917,False
585,True
6699,False
6911,False
4303,False
5352,False
9929,False
5873,False
1274,True
458,True
2844,False
4458,False
11566,False
9987,False
4944,False
9684,False
5556,False
3632,False
7678,False
11997,False
10517,False
6330,False
10212,False
5254,False
3141,False
2444,False
7373,False
2475,False
4440,False
4078,False
10917,False
11273,False
138,True
5689,False
11046,False
6197,False
2905,False
1976,True
11070,False
2368,False
8181,False
5510,False
2030,False
5155,False
3850,False
5565,False
9804,False
5271,False
11379,False
8267,False
1164,True
3126,False
2176,False
9118,False
9618,False
2509,False
1799,True
6162,False
1,True
8863,False
2703,False
7811,False
1196,True
2501,False
7354,False
2408,False
3570,False
9586,False
4624,False
5721,False
4099,False
4133,False
5601,False
6130,False
4567,False
8942,False
7293,False
8909,False
10162,False
772,True
6918,False
6297,False
11045,False
8859,False
4468,False
11210,False
5718,False
1802,True
9416,False
9675,False
6804,False
6714,False
4405,False
6230,False
4630,False
331,True
6895,False
2346,False
11881,False
892,True
11842,False
2225,False
3905,False
8836,False
4490,False
9869,False
2635,False
4275,False
1447,True
7933,False
9905,False
4253,False
11036,False
5232,False
7895,False
5855,False
319,True
1797,True
982,True
880,True
9044,False
9993,False
9672,False
5327,False
2240,False
6554,False
3870,False
7723,False
11296,False
7016,False
5032,False
7653,False
6335,False
1436,True
6375,False
11461,False
5037,False
9896,False
1626,True
3518,False
8304,False
900,True
5080,False
2737,False
8791,False
8270,False
9495,False
2976,False
2711,False
1922,True
6800,False
246,True
347,True
11941,False
1287,True
5810,False
7114,False
1134,True
6028,False
10174,False
2094,False
8154,False
7932,False
2047,False
4850,False
6132,False
4750,False
10532,False
5749,False
2461,False
7206,False
3150,False
9690,False
11695,False
8750,False
7,True
10719,False
11442,False
8882,False
5819,False
388,True
7002,False
4863,False
7197,False
9438,False
7591,False
8486,False
4941,False
10257,False
11681,False
2181,False
2330,False
8961,False
8365,False
7810,False
10782,False
2118,False
3027,False
7482,False
3605,False
8396,False
7635,False
1838,True
484,True
1672,True
4645,False
1147,True
8130,False
10187,False
2465,False
2034,False
11475,False
9002,False
6023,False
6053,False
2580,False
5779,False
4324,False
7083,False
10799,False
5392,False
392,True
521,True
59,True
8312,False
704,True
5174,False
8755,False
5548,False
9715,False
5913,False
7365,False
7224,False
6408,False
1314,True
712,True
4609,False
2342,False
8911,False
1634,True
4305,False
9834,False
11044,False
9832,False
8065,False
9611,False
9327,False
8622,False
10135,False
11609,False
8894,False
4281,False
4369,False
10730,False
9047,False
9071,False
933,True
4449,False
9786,False
5480,False
3867,False
10988,False
2173,False
1777,True
11687,False
10869,False
1893,True
10170,False
9933,False
3065,False
10744,False
10516,False
2248,False
5563,False
417,True
11723,False
6447,False
981,True
8124,False
4760,False
958,True
4185,False
8045,False
10857,False
5196,False
4526,False
10045,False
8792,False
8367,False
415,True
9178,False
4646,False
11674,False
10495,False
1817,True
8812,False
1811,True
6482,False
3796,False
8068,False
1058,True
1498,True
2838,False
2653,False
2987,False
4953,False
7211,False
8839,False
11146,False
11591,False
5732,False
10590,False
10396,False
1031,True
11916,False
10494,False
11564,False
4351,False
10436,False
9531,False
6422,False
8326,False
9555,False
322,True
580,True
3106,False
2780,False
6944,False
9563,False
7818,False
10244,False
4483,False
2253,False
7632,False
8581,False
1962,True
4284,False
1111,True
5544,False
1071,True
8725,False
10151,False
78,True
3892,False
11023,False
1705,True
4157,False
4560,False
4879,False
8795,False
3571,False
3036,False
4194,False
4476,False
5274,False
10931,False
5657,False
6923,False
1280,True
7625,False
5138,False
2431,False
7716,False
5542,False
6195,False
2014,False
1472,True
9842,False
7540,False
10469,False
11158,False
9380,False
5874,False
7574,False
144,True
3165,False
2641,False
343,True
10118,False
1611,True
11,True
1835,True
10230,False
848,True
4574,False
5791,False
3601,False
3037,False
6337,False
10627,False
5029,False
2435,False
7686,False
6508,False
11600,False
9090,False
3015,False
9349,False
8054,False
2150,False
8779,False
11033,False
623,True
6525,False
6642,False
11254,False
1767,True
663,True
10492,False
407,True
944,True
3219,False
1439,True
10154,False
2871,False
796,True
6758,False
10093,False
918,True
3546,False
8651,False
504,True
3977,False
8466,False
4060,False
82,True
579,True
7129,False
2144,False
312,True
10103,False
8224,False
1107,True
6184,False
2981,False
3729,False
8461,False
4451,False
1465,True
8948,False
7957,False
11417,False
10524,False
3633,False
495,True
6514,False
583,True
11745,False
2233,False
241,True
4708,False
2630,False
6355,False
2138,False
2291,False
10203,False
767,True
5169,False
6679,False
2195,False
10747,False
6798,False
11241,False
10635,False
11208,False
8974,False
9286,False
2865,False
7750,False
11658,False
5446,False
7165,False
9056,False
10735,False
11212,False
914,True
9612,False
2801,False
11947,False
1757,True
4805,False
6711,False
21,True
5841,False
3157,False
636,True
6264,False
11518,False
5817,False
655,True
11951,False
1614,True
4832,False
8899,False
6022,False
3658,False
10330,False
4947,False
6904,False
2503,False
706,True
11122,False
9948,False
6041,False
8976,False
4108,False
1517,True
6234,False
9770,False
4759,False
3791,False
7488,False
1082,True
9965,False
5476,False
9883,False
10582,False
4442,False
99,True
11553,False
8612,False
439,True
10621,False
281,True
93,True
2955,False
121,True
10832,False
9589,False
6969,False
4014,False
1783,True
6542,False
10367,False
11006,False
2305,False
7296,False
4090,False
4143,False
1544,True
4615,False
11693,False
10737,False
7433,False
6808,False
8384,False
10339,False
773,True
11506,False
3223,False
1728,True
6384,False
956,True
11035,False
8406,False
2995,False
9037,False
9985,False
5520,False
571,True
8642,False
5636,False
2045,False
5003,False
10734,False
4285,False
6412,False
7186,False
9027,False
1402,True
7905,False
4870,False
4234,False
6499,False
5961,False
2121,False
1202,True
3489,False
4229,False
6013,False
4809,False
9196,False
11456,False
11423,False
4536,False
7547,False
5076,False
10876,False
2840,False
6086,False
8735,False
64,True
11382,False
3305,False
9270,False
7109,False
2096,False
10791,False
1503,True
7992,False
9410,False
1455,True
2140,False
8861,False
10441,False
7728,False
11783,False
9595,False
2454,False
1798,True
11485,False
7997,False
7887,False
9072,False
1700,True
3386,False
902,True
4053,False
1194,True
11736,False
2915,False
11259,False
3914,False
9330,False
8907,False
6752,False
11811,False
9847,False
9886,False
912,True
10755,False
1437,True
7984,False
6755,False
7023,False
5929,False
8549,False
2826,False
6008,False
11219,False
3296,False
9394,False
6772,False
4070,False
6201,False
8115,False
9680,False
6523,False
9131,False
4501,False
9805,False
10620,False
8276,False
10375,False
576,True
6553,False
8361,False
10600,False
11768,False
11511,False
8695,False
6606,False
6221,False
178,True
7383,False
3034,False
1912,True
5251,False
785,True
4942,False
8301,False
4429,False
8100,False
7806,False
9743,False
1909,True
5194,False
5725,False
11863,False
2764,False
10779,False
1518,True
1950,True
3766,False
10453,False
6530,False
2566,False
5584,False
8558,False
7266,False
10906,False
1629,True
5498,False
8787,False
1097,True
9297,False
6831,False
6664,False
10713,False
11571,False
3133,False
2229,False
2969,False
1109,True
6296,False
6962,False
4992,False
294,True
10340,False
11721,False
5450,False
10531,False
5048,False
6792,False
7380,False
5370,False
4216,False
3574,False
7771,False
7891,False
9308,False
6580,False
6632,False
798,True
5693,False
9894,False
9431,False
8332,False
10450,False
8646,False
9236,False
3168,False
992,True
7518,False
10002,False
2308,False
5733,False
2596,False
395,True
65,True
9576,False
7061,False
2862,False
2548,False
722,True
11675,False
8562,False
7460,False
11287,False
6828,False
926,True
10759,False
4803,False
332,True
2944,False
5519,False
9395,False
8832,False
6646,False
4017,False
7990,False
3548,False
3395,False
11206,False
1577,True
4402,False
2124,False
10324,False
11770,False
2666,False
5431,False
4470,False
9095,False
10688,False
9126,False
913,True
11419,False
3115,False
8426,False
4036,False
8716,False
147,True
7106,False
6807,False
1387,True
3091,False
4345,False
11170,False
3121,False
1651,True
963,True
9193,False
438,True
5996,False
230,True
5075,False
4161,False
6880,False
9795,False
976,True
4661,False
10081,False
4382,False
3495,False
4411,False
11562,False
8044,False
7741,False
885,True
1870,True
11213,False
6747,False
1001,True
11186,False
11283,False
3531,False
1625,True
4380,False
6477,False
8803,False
7766,False
9409,False
4994,False
4242,False
10137,False
4772,False
5393,False
373,True
5566,False
9532,False
7063,False
8352,False
4146,False
2267,False
10836,False
8784,False
4954,False
8543,False
10711,False
7115,False
1732,True
11189,False
808,True
7510,False
7567,False
7351,False
9798,False
7546,False
2070,False
10013,False
2898,False
1671,True
8420,False
5875,False
1169,True
3085,False
5631,False
10659,False
10456,False
4270,False
3284,False
2839,False
8969,False
10646,False
4447,False
6757,False
8918,False
9050,False
4746,False
6847,False
8855,False
3498,False
11424,False
7229,False
5914,False
3485,False
6546,False
9080,False
6190,False
5270,False
8291,False
7157,False
3346,False
3215,False
2939,False
2575,False
11625,False
2441,False
3733,False
10189,False
10386,False
11799,False
10555,False
3021,False
10746,False
4753,False
3180,False
3965,False
10465,False
2276,False
4611,False
5189,False
7977,False
2086,False
10115,False
9525,False
7173,False
25,True
2097,False
792,True
85,True
7958,False
8442,False
3544,False
5680,False
5039,False
1390,True
8845,False
8648,False
1117,True
7205,False
10027,False
7687,False
813,True
2633,False
4887,False
2525,False
10079,False
601,True
1108,True
683,True
738,True
2201,False
436,True
290,True
1277,True
1724,True
11234,False
10283,False
442,True
975,True
9035,False
6700,False
7570,False
6932,False
10500,False
7462,False
6686,False
4848,False
10197,False
5691,False
2886,False
631,True
1234,True
2794,False
10279,False
1283,True
3790,False
1114,True
8658,False
1956,True
6065,False
6540,False
1689,True
7385,False
11885,False
9717,False
11196,False
10864,False
10952,False
5162,False
2550,False
5344,False
1128,True
6589,False
11812,False
7536,False
10777,False
11499,False
3534,False
11276,False
7429,False
3370,False
9677,False
889,True
17,True
4481,False
9541,False
3519,False
5509,False
10871,False
6650,False
292,True
5042,False
3898,False
9369,False
1400,True
4641,False
9580,False
5753,False
614,True
1608,True
11807,False
8040,False
11215,False
1340,True
11427,False
8274,False
876,True
1278,True
4554,False
2751,False
2238,False
2949,False
8723,False
768,True
10140,False
5068,False
1336,True
5569,False
7200,False
10770,False
8858,False
7469,False
5301,False
11513,False
2046,False
10765,False
4748,False
7243,False
9830,False
1379,True
9538,False
3216,False
766,True
1722,True
8722,False
3853,False
10247,False
1567,True
5241,False
5461,False
7237,False
3213,False
9582,False
6418,False
6602,False
4629,False
5802,False
255,True
8035,False
2803,False
5397,False
2226,False
1513,True
2235,False
11945,False
11944,False
4669,False
5974,False
11733,False
10664,False
7724,False
1349,True
1781,True
2323,False
7692,False
8591,False
2302,False
1908,True
3721,False
1985,True
8546,False
4633,False
1284,True
3854,False
10269,False
7720,False
7176,False
9506,False
10487,False
4784,False
9634,False
3980,False
3335,False
7981,False
10556,False
11445,False
2244,False
1680,True
11543,False
997,True
9848,False
3752,False
7421,False
10585,False
1470,True
8606,False
5579,False
743,True
10512,False
6543,False
6942,False
667,True
2299,False
532,True
6533,False
5885,False
2913,False
471,True
488,True
6946,False
3046,False
4685,False
3166,False
9587,False
1884,True
1092,True
5723,False
4142,False
5220,False
682,True
5484,False
7087,False
1759,True
1993,True
6993,False
9927,False
4456,False
7842,False
1330,True
10671,False
4838,False
6203,False
3108,False
5606,False
2406,False
9419,False
5417,False
5991,False
7273,False
6975,False
2667,False
6376,False
7888,False
10828,False
9112,False
9243,False
9076,False
9537,False
5626,False
8681,False
10111,False
7897,False
714,True
6999,False
7244,False
397,True
2746,False
1027,True
551,True
4849,False
10029,False
9885,False
4862,False
10852,False
9381,False
11502,False
7920,False
9578,False
7679,False
8886,False
5263,False
10091,False
5381,False
1093,True
1353,True
7511,False
5192,False
83,True
6559,False
936,True
8174,False
362,True
3014,False
1367,True
10785,False
3329,False
7282,False
4868,False
7545,False
7776,False
7841,False
5420,False
5773,False
4250,False
1419,True
6871,False
11308,False
4183,False
3442,False
7340,False
1988,True
2556,False
7384,False
9415,False
2474,False
6538,False
10584,False
11991,False
4032,False
2188,False
1398,True
4432,False
7859,False
1365,True
8853,False
11436,False
8496,False
10745,False
5772,False
11773,False
4062,False
8891,False
11930,False
5427,False
10741,False
10522,False
4716,False
1974,True
9055,False
1979,True
2924,False
1493,True
7991,False
6817,False
8318,False
2008,False
11501,False
3673,False
11433,False
3172,False
778,True
9323,False
1289,True
11141,False
11484,False
2544,False
9779,False
7481,False
1141,True
4823,False
1662,True
9977,False
7791,False
5915,False
1061,True
7569,False
1947,True
2526,False
6048,False
501,True
9908,False
11400,False
744,True
9959,False
8249,False
305,True
5764,False
11557,False
6142,False
2733,False
7773,False
6692,False
5307,False
1494,True
4895,False
11975,False
11109,False
1207,True
3045,False
4174,False
5681,False
4643,False
3697,False
2775,False
5444,False
4625,False
6160,False
2570,False
9947,False
8508,False
8316,False
552,True
3078,False
10328,False
4455,False
37,True
979,True
6138,False
3926,False
11466,False
5089,False
10786,False
6630,False
9917,False
8259,False
10577,False
2320,False
11488,False
10602,False
5043,False
1938,True
6521,False
1615,True
9892,False
9084,False
3774,False
705,True
8387,False
6613,False
6954,False
1792,True
6388,False
5281,False
365,True
1556,True
7075,False
7376,False
4406,False
5348,False
3554,False
5843,False
2895,False
6763,False
607,True
5654,False
11565,False
9966,False
10438,False
11642,False
8178,False
10796,False
2971,False
8112,False
200,True
2401,False
4657,False
3660,False
6076,False
7886,False
1548,True
4008,False
9511,False
5595,False
4613,False
7786,False
5646,False
672,True
1153,True
1331,True
5277,False
5827,False
3470,False
2651,False
3937,False
1103,True
9862,False
10463,False
4237,False
1198,True
11353,False
2721,False
6276,False
11718,False
1378,True
8963,False
3921,False
8890,False
5335,False
1163,True
53,True
7019,False
11971,False
4261,False
3945,False
8002,False
50,True
3174,False
626,True
10110,False
5701,False
10805,False
3420,False
8937,False
10477,False
3702,False
480,True
5954,False
8639,False
2693,False
1366,True
10867,False
707,True
3785,False
6603,False
11370,False
10242,False
11483,False
10077,False
630,True
8881,False
9351,False
6884,False
10669,False
7453,False
6398,False
1438,True
8454,False
8166,False
7677,False
590,True
429,True
10369,False
1240,True
2988,False
6279,False
8654,False
1822,True
11192,False
10105,False
4150,False
3856,False
4829,False
6027,False
1492,True
3404,False
10518,False
2531,False
761,True
10195,False
8898,False
10326,False
7327,False
2577,False
8504,False
7213,False
6071,False
1396,True
1529,True
4007,False
2420,False
5658,False
6505,False
381,True
11128,False
4189,False
11421,False
2529,False
3246,False
1201,True
2607,False
11369,False
355,True
4088,False
5055,False
9173,False
3814,False
10439,False
1120,True
10462,False
10918,False
9317,False
6598,False
3074,False
838,True
3093,False
2214,False
11084,False
4864,False
9119,False
8626,False
3063,False
4873,False
8123,False
11638,False
2204,False
790,True
11242,False
4211,False
10542,False
7267,False
259,True
3363,False
8051,False
8711,False
2294,False
3484,False
1228,True
6446,False
7319,False
3292,False
11839,False
7590,False
6339,False
7093,False
9233,False
3112,False
5891,False
5955,False
7430,False
4841,False
2658,False
1018,True
11545,False
8059,False
1923,True
2405,False
9333,False
2446,False
817,True
3950,False
7904,False
4662,False
2262,False
7220,False
8236,False
8788,False
4524,False
6362,False
9238,False
6834,False
2791,False
6014,False
252,True
8766,False
11618,False
8662,False
1744,True
4279,False
8135,False
6955,False
7279,False
5414,False
7183,False
4363,False
2386,False
4383,False
11458,False
408,True
1873,True
4869,False
4452,False
7824,False
10874,False
6176,False
8871,False
8693,False
11552,False
6439,False
7155,False
9953,False
8095,False
8925,False
8643,False
2951,False
3038,False
1514,True
1916,True
5671,False
6310,False
4890,False
1350,True
440,True
5930,False
11526,False
160,True
7326,False
5156,False
4330,False
3595,False
9716,False
5425,False
8596,False
9212,False
6282,False
264,True
3116,False
9763,False
2478,False
6087,False
5209,False
1294,True
10371,False
9698,False
8583,False
2893,False
8414,False
5483,False
11118,False
7768,False
9086,False
2317,False
10223,False
4655,False
1588,True
1230,True
2767,False
11937,False
2743,False
749,True
8975,False
6341,False
4664,False
2773,False
2066,False
9059,False
4227,False
5655,False
6826,False
2001,False
3238,False
6323,False
7166,False
7925,False
11099,False
10849,False
2574,False
7210,False
9496,False
7193,False
10414,False
5040,False
6315,False
11403,False
1869,True
5452,False
9622,False
9109,False
6402,False
5917,False
4948,False
3969,False
9348,False
215,True
4367,False
10679,False
8731,False
4962,False
2887,False
2959,False
7737,False
6497,False
5790,False
1734,True
5372,False
1720,True
10068,False
8629,False
8745,False
11549,False
891,True
2878,False
10675,False
7473,False
1707,True
7809,False
9673,False
8764,False
3456,False
7708,False
9251,False
5175,False
11989,False
5849,False
363,True
403,True
5160,False
8529,False
11974,False
2560,False
8351,False
286,True
4517,False
5438,False
1859,True
7295,False
3667,False
11608,False
11641,False
2841,False
4618,False
5551,False
9972,False
8945,False
2852,False
9630,False
7685,False
3281,False
10078,False
1261,True
90,True
4740,False
5213,False
7753,False
7065,False
1591,True
3140,False
4376,False
6449,False
7489,False
10267,False
4974,False
10051,False
10949,False
4400,False
8840,False
4465,False
11992,False
1535,True
563,True
7885,False
9755,False
9664,False
11727,False
7780,False
5026,False
6933,False
1451,True
5183,False
4932,False
3348,False
11203,False
5161,False
11223,False
308,True
9904,False
2379,False
2808,False
7148,False
1309,True
11042,False
7204,False
9914,False
337,True
6247,False
2766,False
6016,False
3237,False
8339,False
7177,False
675,True
6833,False
4094,False
9522,False
3722,False
3310,False
1003,True
7126,False
13,True
9219,False
949,True
5116,False
5950,False
3687,False
9736,False
3650,False
2599,False
7710,False
6500,False
4767,False
265,True
9266,False
8741,False
6601,False
10313,False
5708,False
7055,False
1497,True
10911,False
5210,False
1070,True
2904,False
8280,False
3449,False
10316,False
9134,False
8106,False
4949,False
130,True
11245,False
10428,False
1247,True
802,True
9657,False
11047,False
2806,False
8085,False
7636,False
8397,False
3780,False
11003,False
1485,True
9835,False
3013,False
6483,False
9220,False
5340,False
719,True
11147,False
11087,False
7792,False
6290,False
5970,False
9194,False
6481,False
11473,False
33,True
10657,False
9990,False
8392,False
6751,False
7044,False
8815,False
4549,False
10264,False
7362,False
270,True
9188,False
10942,False
2175,False
3940,False
2628,False
176,True
254,True
1505,True
2517,False
3816,False
5729,False
7988,False
1125,True
4067,False
5433,False
9818,False
1764,True
5924,False
11741,False
9588,False
9709,False
450,True
9906,False
4085,False
4652,False
2133,False
10232,False
4816,False
8378,False
10685,False
5862,False
1122,True
10762,False
9854,False
6637,False
9585,False
5684,False
2856,False
6324,False
3547,False
11125,False
114,True
5871,False
8843,False
428,True
3942,False
4861,False
5523,False
10943,False
6788,False
3530,False
4290,False
1960,True
11698,False
8416,False
11450,False
7742,False
7639,False
3143,False
10206,False
11702,False
3869,False
654,True
7412,False
10655,False
8692,False
6105,False
4095,False
8671,False
3884,False
7804,False
2340,False
6040,False
6307,False
9049,False
1126,True
10160,False
8221,False
1748,True
10816,False
4975,False
9815,False
4239,False
7056,False
7916,False
6856,False
4550,False
4600,False
1939,True
10763,False
5416,False
8679,False
11226,False
5905,False
8985,False
10346,False
8513,False
4027,False
485,True
2685,False
598,True
3163,False
990,True
557,True
7759,False
4885,False
5578,False
9310,False
2972,False
2017,False
1063,True
3488,False
7646,False
9633,False
11028,False
3328,False
1851,True
680,True
10290,False
4332,False
5564,False
3231,False
3834,False
7051,False
8113,False
9841,False
11560,False
8096,False
10560,False
2141,False
10289,False
23,True
10471,False
10399,False
2859,False
6059,False
3077,False
6157,False
9750,False
2683,False
4214,False
6273,False
5992,False
628,True
9325,False
4876,False
8630,False
5207,False
188,True
11377,False
6938,False
703,True
6381,False
11558,False
6874,False
9372,False
42,True
3273,False
7261,False
9216,False
141,True
8902,False
3836,False
5570,False
9247,False
6278,False
5896,False
4940,False
3129,False
11319,False
10643,False
8452,False
3520,False
9494,False
10445,False
8313,False
4377,False
8994,False
2272,False
6343,False
1751,True
8288,False
2669,False
4300,False
5172,False
2135,False
9061,False
6943,False
402,True
11154,False
11850,False
3288,False
10875,False
6188,False
3290,False
11763,False
8315,False
11209,False
1215,True
8024,False
2634,False
11476,False
9691,False
11976,False
11833,False
11749,False
6258,False
7154,False
3704,False
3931,False
5020,False
6325,False
2077,False
5288,False
9343,False
9181,False
9450,False
2809,False
10861,False
11038,False
10193,False
869,True
713,True
999,True
3930,False
6261,False
3042,False
2518,False
10398,False
7797,False
4223,False
394,True
6250,False
9534,False
8960,False
8013,False
4272,False
288,True
8951,False
11332,False
2257,False
9520,False
5782,False
10486,False
1478,True
1669,True
5073,False
4182,False
514,True
7317,False
7143,False
7561,False
8320,False
10613,False
7829,False
11803,False
10568,False
10406,False
6240,False
3874,False
2449,False
8714,False
7389,False
5449,False
6319,False
7948,False
5815,False
5212,False
678,True
10493,False
5279,False
10442,False
4768,False
2999,False
5625,False
11062,False
4673,False
10434,False
7721,False
751,True
6306,False
3446,False
8823,False
5690,False
2231,False
4791,False
5022,False
6581,False
9477,False
5687,False
4551,False
6937,False
3952,False
10360,False
7101,False
9922,False
4137,False
7095,False
1299,True
1574,True
3868,False
5375,False
4375,False
1685,True
9572,False
2247,False
2491,False
3425,False
8297,False
10402,False
1566,True
10825,False
6693,False
1304,True
2681,False
727,True
7278,False
11227,False
1701,True
2198,False
2020,False
8757,False
842,True
1144,True
4012,False
5586,False
10927,False
9466,False
7180,False
5947,False
2489,False
4424,False
9801,False
4844,False
11165,False
7822,False
6395,False
2018,False
8449,False
3793,False
2220,False
3949,False
9748,False
7268,False
7276,False
9925,False
9870,False
418,True
11306,False
7532,False
4395,False
9384,False
2821,False
6727,False
2361,False
8970,False
7514,False
1292,True
11355,False
6936,False
11300,False
9371,False
9646,False
3135,False
9241,False
2058,False
1879,True
7084,False
2843,False
1786,True
3187,False
7676,False
584,True
6204,False
6844,False
7539,False
124,True
8080,False
9411,False
1686,True
2698,False
1874,True
8678,False
8171,False
893,True
11750,False
9637,False
10233,False
1022,True
8314,False
8285,False
6838,False
8849,False
1328,True
10726,False
11568,False
6899,False
9482,False
5860,False
4587,False
4059,False
5428,False
8264,False
11933,False
11043,False
10362,False
4071,False
1233,True
8740,False
9880,False
2215,False
2119,False
5870,False
750,True
11026,False
3327,False
11187,False
9610,False
987,True
7526,False
8938,False
825,True
2731,False
4553,False
4608,False
11906,False
6100,False
8296,False
8275,False
8071,False
8468,False
1115,True
284,True
686,True
839,True
4922,False
2422,False
9105,False
6115,False
4164,False
3855,False
1597,True
7584,False
6626,False
2252,False
10767,False
11097,False
2605,False
3741,False
4048,False
3201,False
7039,False
7926,False
2547,False
1337,True
3539,False
8472,False
2554,False
5389,False
8708,False
4736,False
10515,False
69,True
11032,False
386,True
4712,False
2151,False
9405,False
5385,False
9944,False
6150,False
9245,False
8548,False
2958,False
10681,False
9751,False
8578,False
974,True
10483,False
6139,False
1113,True
3726,False
679,True
957,True
5182,False
10241,False
6213,False
10123,False
5754,False
5079,False
1606,True
5758,False
5325,False
647,True
3189,False
5845,False
7256,False
10709,False
6457,False
4212,False
8532,False
5005,False
6167,False
2385,False
11039,False
9593,False
7207,False
643,True
2053,False
258,True
11446,False
3654,False
5737,False
10838,False
2223,False
3367,False
5133,False
8485,False
210,True
1991,True
7827,False
9125,False
387,True
6502,False
11145,False
9647,False
1848,True
9702,False
6872,False
5872,False
6823,False
129,True
48,True
7629,False
5359,False
11954,False
5059,False
4719,False
5990,False
3009,False
3646,False
11177,False
1644,True
9706,False
5044,False
3151,False
5262,False
5842,False
2327,False
2369,False
4260,False
8192,False
592,True
172,True
759,True
10879,False
8075,False
1741,True
4009,False
8624,False
11063,False
10023,False
3590,False
340,True
8847,False
11529,False
641,True
10860,False
6659,False
2495,False
7693,False
5774,False
7923,False
4983,False
1087,True
1676,True
47,True
10981,False
3283,False
10112,False
6374,False
2345,False
7498,False
9890,False
1068,True
6407,False
1004,True
7152,False
1523,True
10880,False
1209,True
10997,False
7564,False
6079,False
11415,False
220,True
3390,False
8302,False
3314,False
11829,False
10052,False
3624,False
8903,False
4503,False
7694,False
10984,False
2562,False
3202,False
7752,False
1697,True
8487,False
6762,False
3778,False
7022,False
8136,False
5978,False
9048,False
2023,False
6948,False
4518,False
10506,False
3649,False
293,True
1894,True
9159,False
6661,False
5050,False
1636,True
5682,False
1079,True
4248,False
11882,False
7799,False
8093,False
11522,False
7864,False
5324,False
7332,False
4730,False
9797,False
9283,False
5432,False
1204,True
11222,False
7426,False
2397,False
2583,False
9609,False
11886,False
4506,False
3822,False
6121,False
2533,False
11232,False
8418,False
7141,False
9808,False
6287,False
6346,False
5678,False
4417,False
8544,False
1910,True
9127,False
11585,False
4559,False
4408,False
2417,False
4766,False
8292,False
10756,False
5602,False
8131,False
8914,False
11081,False
10899,False
6238,False
9556,False
9150,False
3275,False
7066,False
1983,True
10642,False
6717,False
1291,True
7968,False
6249,False
3714,False
10276,False
6858,False
2282,False
539,True
1190,True
9688,False
4592,False
1002,True
5634,False
5035,False
6163,False
6063,False
3886,False
3393,False
7634,False
1761,True
7516,False
9984,False
4500,False
7828,False
6512,False
9723,False
8869,False
1758,True
9144,False
7784,False
11272,False
2620,False
6179,False
8069,False
6098,False
11323,False
6215,False
9030,False
11489,False
2866,False
9912,False
9759,False
3533,False
934,True
187,True
7427,False
11143,False
1643,True
10236,False
10693,False
1512,True
4638,False
10968,False
11890,False
9313,False
11249,False
11640,False
4208,False
1189,True
8255,False
9342,False
3279,False
775,True
11987,False
8041,False
2003,False
7739,False
1251,True
6785,False
7607,False
5495,False
1011,True
8987,False
8494,False
10992,False
10938,False
11953,False
3039,False
3224,False
1543,True
3318,False
6558,False
7445,False
9053,False
8746,False
2007,False
6046,False
4566,False
9979,False
10270,False
11610,False
170,True
1746,True
10384,False
6978,False
3491,False
10161,False
8884,False
10147,False
9871,False
8759,False
11265,False
4184,False
1753,True
3397,False
7401,False
7624,False
2300,False
5276,False
7602,False
3500,False
1424,True
5038,False
8856,False
11624,False
6004,False
9767,False
9674,False
5230,False
7978,False
192,True
11817,False
8046,False
299,True
4431,False
3076,False
1845,True
11761,False
7848,False
3995,False
3127,False
11888,False
4213,False
4617,False
9407,False
6257,False
9570,False
2407,False
4781,False
11556,False
1481,True
8828,False
4572,False
2409,False
7592,False
9099,False
946,True
2265,False
8139,False
8554,False
9100,False
8458,False
11922,False
11732,False
6055,False
7530,False
2522,False
5287,False
4819,False
2056,False
2462,False
4926,False
7438,False
5755,False
11712,False
3813,False
9789,False
3753,False
8908,False
5766,False
6077,False
4035,False
3978,False
5311,False
2716,False
8020,False
6301,False
2937,False
360,True
351,True
3389,False
6237,False
940,True
5017,False
708,True
9368,False
7910,False
7683,False
7215,False
7363,False
1487,True
7971,False
8712,False
10530,False
123,True
5890,False
9703,False
1687,True
1165,True
7917,False
6733,False
10596,False
7350,False
10846,False
3336,False
7702,False
4914,False
7188,False
4818,False
1844,True
1901,True
693,True
8652,False
171,True
9046,False
4998,False
7352,False
472,True
2506,False
4539,False
8233,False
11711,False
3698,False
11595,False
5354,False
2912,False
8670,False
621,True
966,True
5669,False
1617,True
4397,False
8220,False
8609,False
5887,False
4119,False
10376,False
3817,False
3999,False
6639,False
6584,False
6712,False
3032,False
6218,False
3295,False
11824,False
11454,False
8625,False
6424,False
10173,False
1987,True
10678,False
7456,False
68,True
5714,False
11696,False
6597,False
3458,False
2836,False
8593,False
10795,False
7689,False
10667,False
4318,False
7644,False
10355,False
11660,False
8098,False
5879,False
4734,False
6169,False
3371,False
3592,False
4165,False
8493,False
3342,False
11224,False
3762,False
11626,False
10850,False
3343,False
7335,False
9952,False
10031,False
7053,False
7459,False
4842,False
2455,False
10271,False
6535,False
4693,False
9457,False
1995,True
1276,True
80,True
3058,False
1395,True
6251,False
1725,True
695,True
8162,False
7949,False
8709,False
8268,False
2152,False
10119,False
374,True
5614,False
7934,False
6226,False
11126,False
2357,False
7254,False
10132,False
5456,False
4621,False
6050,False
4833,False
10753,False
11159,False
3368,False
9564,False
11587,False
2061,False
5142,False
6921,False
2211,False
3030,False
3094,False
8876,False
3974,False
7619,False
193,True
567,True
11157,False
10143,False
8343,False
2854,False
6740,False
2156,False
4198,False
9895,False
3251,False
11955,False
9513,False
2753,False
9170,False
9433,False
3118,False
10725,False
11880,False
5628,False
4419,False
9625,False
10167,False
1182,True
5957,False
9079,False
1736,True
10855,False
9718,False
4427,False
10573,False
2690,False
3887,False
2636,False
536,True
11527,False
461,True
4728,False
5976,False
3414,False
5594,False
2322,False
9756,False
10802,False
5051,False
3532,False
5700,False
6949,False
1213,True
9430,False
4877,False
6972,False
6761,False
6516,False
1576,True
212,True
1931,True
11375,False
9240,False
3333,False
4258,False
11182,False
8865,False
3475,False
725,True
1273,True
8590,False
7745,False
2209,False
7907,False
201,True
2212,False
7283,False
6416,False
7097,False
10034,False
2874,False
9302,False
2527,False
10006,False
7515,False
9597,False
1464,True
3615,False
748,True
540,True
4215,False
8924,False
7611,False
7301,False
4191,False
5497,False
2534,False
3582,False
8469,False
853,True
3462,False
9432,False
10894,False
10488,False
3996,False
670,True
11486,False
7965,False
9022,False
7970,False
8094,False
10062,False
10840,False
8443,False
6394,False
11347,False
909,True
2923,False
8152,False
7725,False
4350,False
1694,True
9810,False
10014,False
2314,False
10046,False
11760,False
5763,False
6351,False
3804,False
9359,False
5023,False
1460,True
4166,False
1363,True
11418,False
8463,False
2768,False
3861,False
2684,False
9744,False
9485,False
10157,False
1184,True
2290,False
2493,False
8107,False
5692,False
7118,False
7322,False
6539,False
4176,False
4201,False
10966,False
10514,False
9710,False
1136,True
6338,False
10827,False
9453,False
6224,False
3730,False
8726,False
4769,False
1568,True
5063,False
1536,True
3693,False
2713,False
1944,True
366,True
6136,False
2048,False
4616,False
7185,False
2142,False
11594,False
11345,False
2203,False
4534,False
3700,False
4315,False
5931,False
1599,True
6018,False
8116,False
414,True
8885,False
198,True
6544,False
7050,False
2221,False
4980,False
644,True
2674,False
2143,False
9598,False
4287,False
11137,False
988,True
7167,False
4390,False
6883,False
10381,False
7775,False
7935,False
9535,False
3022,False
1220,True
2545,False
4378,False
10433,False
7633,False
7431,False
10537,False
7734,False
11080,False
1813,True
939,True
883,True
7583,False
425,True
11900,False
4811,False
732,True
1679,True
5074,False
3750,False
7623,False
1045,True
8109,False
10311,False
9512,False
7557,False
6651,False
9725,False
6678,False
3895,False
5743,False
3536,False
10751,False
7253,False
7673,False
1787,True
5316,False
74,True
5407,False
5007,False
10644,False
7943,False
5645,False
2722,False
7242,False
11398,False
7033,False
135,True
11085,False
8967,False
5829,False
3742,False
10171,False
2889,False
5475,False
11150,False
2618,False
9699,False
9276,False
2897,False
11053,False
691,True
10268,False
8491,False
9575,False
11713,False
5568,False
7931,False
9082,False
2921,False
3124,False
10159,False
11861,False
1864,True
10331,False
11338,False
7924,False
11563,False
3184,False
1495,True
8952,False
5373,False
8008,False
3558,False
4824,False
2084,False
10037,False
10995,False
2114,False
9066,False
2687,False
6309,False
7236,False
11924,False
8680,False
11648,False
116,True
3749,False
2864,False
10928,False
7659,False
904,True
4106,False
9590,False
4241,False
3583,False
41,True
4695,False
5824,False
2885,False
6674,False
3225,False
720,True
859,True
1795,True
2589,False
7287,False
4087,False
1581,True
3710,False
8451,False
9605,False
11666,False
1808,True
2508,False
2829,False
1007,True
1531,True
6434,False
8579,False
10278,False
8073,False
989,True
3382,False
9217,False
2269,False
8423,False
8563,False
3829,False
6670,False
6030,False
1818,True
4982,False
9606,False
9893,False
10198,False
3761,False
6075,False
38,True
3879,False
9222,False
8802,False
6292,False
2024,False
4843,False
5546,False
1205,True
5664,False
8900,False
4374,False
9995,False
3107,False
10332,False
150,True
10152,False
633,True
3566,False
4006,False
11887,False
1972,True
4678,False
9918,False
8328,False
146,True
10793,False
4720,False
9003,False
7722,False
6739,False
3049,False
2954,False
7138,False
6054,False
4238,False
323,True
702,True
2730,False
4865,False
4675,False
3177,False
5828,False
8371,False
8512,False
4580,False
8335,False
10658,False
5543,False
8821,False
3114,False
9483,False
8148,False
9398,False
4104,False
4263,False
3688,False
7437,False
3119,False
984,True
2678,False
6862,False
5932,False
4232,False
5437,False
7212,False
11205,False
6864,False
5408,False
9858,False
6891,False
2911,False
5956,False
5371,False
7386,False
4291,False
3148,False
1272,True
5376,False
1479,True
4990,False
11321,False
3159,False
7976,False
9336,False
11349,False
7356,False
6082,False
7982,False
8495,False
9901,False
2997,False
5459,False
3266,False
10285,False
3142,False
1670,True
8099,False
9573,False
3289,False
5552,False
8964,False
10409,False
11358,False
8893,False
10703,False
5713,False
10808,False
3250,False
1986,True
10731,False
4663,False
11767,False
8820,False
9592,False
11200,False
304,True
11113,False
7230,False
3322,False
2930,False
4707,False
7413,False
8052,False
3593,False
11780,False
8531,False
3972,False
11309,False
7757,False
6770,False
5398,False
7455,False
8050,False
9038,False
1640,True
5457,False
3378,False
2069,False
6953,False
4385,False
5108,False
3888,False
5562,False
11673,False
3875,False
6194,False
699,True
9244,False
159,True
11388,False
8248,False
7843,False
6021,False
9552,False
2331,False
4810,False
1029,True
8501,False
10094,False
3079,False
11270,False
11202,False
204,True
4813,False
10574,False
6413,False
2788,False
11840,False
3545,False
3844,False
3515,False
4219,False
8142,False
10638,False
1074,True
1139,True
8753,False
2883,False
6089,False
10213,False
3182,False
2541,False
10924,False
378,True
9542,False
11623,False
2934,False
6460,False
4011,False
1820,True
10109,False
9865,False
8739,False
6185,False
9420,False
4423,False
11544,False
7875,False
5069,False
3585,False
6271,False
8556,False
6528,False
9133,False
7660,False
8369,False
9567,False
5839,False
2185,False
3928,False
11684,False
7454,False
3031,False
2398,False
1785,True
5735,False
3983,False
4703,False
3364,False
1308,True
1179,True
6336,False
10129,False
7800,False
1946,True
10252,False
10042,False
1930,True
10122,False
7645,False
5151,False
1174,True
2914,False
1051,True
7073,False
6348,False
7595,False
10446,False
4894,False
2787,False
3125,False
5018,False
8595,False
3276,False
11204,False
7080,False
870,True
10310,False
6793,False
3285,False
3957,False
3984,False
6917,False
11064,False
1203,True
3845,False
4976,False
7942,False
5776,False
1856,True
4013,False
9621,False
11521,False
359,True
2057,False
9492,False
7049,False
4561,False
8158,False
5768,False
4883,False
604,True
2388,False
11720,False
5188,False
10954,False
3852,False
10164,False
5256,False
5804,False
9907,False
9650,False
846,True
8603,False
1755,True
8145,False
101,True
529,True
4175,False
10022,False
8727,False
8614,False
1506,True
807,True
9171,False
4764,False
6908,False
5101,False
2917,False
6537,False
11742,False
9439,False
4103,False
5343,False
8507,False
10973,False
19,True
10801,False
9889,False
11836,False
8227,False
2744,False
5780,False
10124,False
11127,False
8597,False
2539,False
10188,False
10359,False
7581,False
970,True
1836,True
8774,False
7175,False
3176,False
9665,False
7014,False
1420,True
6191,False
9806,False
5158,False
3417,False
784,True
6958,False
2927,False
8877,False
5933,False
7835,False
1716,True
52,True
473,True
10076,False
9070,False
5643,False
8084,False
983,True
8256,False
8381,False
3768,False
2180,False
3831,False
947,True
7228,False
9032,False
2857,False
6222,False
6300,False
11657,False
7983,False
1965,True
9529,False
11049,False
10501,False
5303,False
5197,False
7975,False
4951,False
8359,False
7748,False
3609,False
474,True
7697,False
7921,False
2394,False
3556,False
2709,False
7441,False
10534,False
5975,False
10559,False
11136,False
9792,False
1448,True
8499,False
10288,False
4236,False
3082,False
8632,False
1915,True
7893,False
3095,False
1474,True
1221,True
477,True
11985,False
3480,False
2870,False
10661,False
3638,False
3269,False
4507,False
2366,False
1501,True
11586,False
1433,True
6069,False
10382,False
4505,False
5434,False
10877,False
1854,True
4516,False
3047,False
5926,False
11795,False
10307,False
509,True
4986,False
6957,False
1657,True
10957,False
11155,False
3772,False
10528,False
5019,False
3803,False
10980,False
10335,False
10721,False
10581,False
2532,False
6869,False
8483,False
6312,False
8904,False
4388,False
3270,False
9693,False
182,True
10862,False
8897,False
8685,False
460,True
2670,False
740,True
9903,False
8374,False
4002,False
1060,True
3611,False
3136,False
2009,False
7577,False
1119,True
8677,False
2715,False
4399,False
3764,False
9941,False
9973,False
10024,False
10305,False
5981,False
881,True
2037,False
812,True
3490,False
9554,False
6200,False
5507,False
9230,False
3494,False
10552,False
4132,False
5283,False
11740,False
9024,False
11185,False
295,True
11465,False
5541,False
10833,False
1921,True
11302,False
9174,False
7871,False
10224,False
5677,False
73,True
6359,False
10541,False
9331,False
6024,False
9390,False
3825,False
11092,False
3830,False
7169,False
4960,False
4471,False
6839,False
2232,False
7036,False
6725,False
2776,False
11237,False
10489,False
3553,False
5078,False
2380,False
8157,False
9872,False
11352,False
8204,False
7815,False
7396,False
6165,False
10975,False
1375,True
11131,False
9913,False
11413,False
8223,False
11579,False
8522,False
11108,False
1579,True
4782,False
7950,False
1254,True
8077,False
4692,False
10337,False
4169,False
7480,False
3433,False
11482,False
6722,False
5462,False
7939,False
9856,False
5401,False
5237,False
9558,False
3993,False
10865,False
4568,False
9376,False
6393,False
11390,False
4854,False
7349,False
5513,False
8962,False
2170,False
4050,False
5667,False
3137,False
4479,False
11709,False
10915,False
10872,False
10718,False
9347,False
4761,False
9353,False
2486,False
10237,False
7399,False
5260,False
4817,False
8155,False
10113,False
9088,False
11507,False
3496,False
6622,False
5623,False
1914,True
8478,False
1217,True
10708,False
9799,False
7690,False
8798,False
9960,False
9064,False
2164,False
10,True
10097,False
10936,False
7513,False
5512,False
7914,False
4537,False
7856,False
2644,False
526,True
6390,False
11479,False
5430,False
6628,False
9791,False
4923,False
1890,True
8760,False
11344,False
5426,False
9205,False
3444,False
3559,False
2922,False
5245,False
5488,False
8765,False
9470,False
7553,False
7270,False
2880,False
929,True
10047,False
383,True
7883,False
8605,False
341,True
2745,False
1667,True
2196,False
7664,False
806,True
4999,False
6492,False
8833,False
6522,False
4373,False
6734,False
9309,False
4814,False
10106,False
6088,False
6032,False
1105,True
7562,False
405,True
5143,False
4000,False
4010,False
7782,False
2845,False
6475,False
10519,False
1210,True
4102,False
4776,False
4796,False
7136,False
6582,False
6117,False
4836,False
10485,False
980,True
1072,True
1840,True
1171,True
3568,False
9961,False
3883,False
9464,False
2354,False
5972,False
11938,False
9375,False
4682,False
7512,False
7765,False
8748,False
9040,False
8575,False
8515,False
7705,False
3784,False
10084,False
7360,False
5980,False
9983,False
2908,False
8205,False
3035,False
11775,False
7558,False
7032,False
10163,False
7094,False
7882,False
11453,False
11293,False
10419,False
771,True
452,True
468,True
11096,False
3998,False
2680,False
2672,False
1290,True
3927,False
3770,False
2567,False
9122,False
5400,False
8422,False
10000,False
1542,True
4221,False
8283,False
7501,False
6919,False
11932,False
10704,False
8780,False
4915,False
9029,False
3319,False
11477,False
11250,False
659,True
10231,False
3988,False
7388,False
4938,False
1558,True
1042,True
1841,True
4356,False
2655,False
8390,False
4857,False
11051,False
3330,False
457,True
8778,False
7601,False
3783,False
661,True
5920,False
6782,False
4123,False
5853,False
2608,False
8601,False
8307,False
1188,True
9332,False
3910,False
7018,False
1641,True
1123,True
3448,False
2778,False
4904,False
2436,False
5150,False
11193,False
1754,True
5136,False
7974,False
7688,False
6892,False
10950,False
5941,False
8293,False
2289,False
2983,False
1674,True
9257,False
3948,False
5619,False
11790,False
6448,False
5469,False
10878,False
2016,False
8536,False
3380,False
6507,False
3132,False
4723,False
9337,False
10204,False
6877,False
1784,True
4774,False
11430,False
1078,True
1989,True
6396,False
7840,False
5807,False
9192,False
7556,False
4601,False
8864,False
11440,False
6462,False
4908,False
3236,False
4552,False
7714,False
932,True
9147,False
4636,False
7889,False
6425,False
7578,False
2400,False
6643,False
11048,False
1675,True
7772,False
9481,False
5738,False
5490,False
8694,False
10554,False
9746,False
10594,False
329,True
132,True
1719,True
3041,False
3,True
986,True
7069,False
6144,False
9943,False
5362,False
8183,False
11357,False
10444,False
4311,False
5031,False
4289,False
2358,False
10005,False
2182,False
5765,False
7682,False
183,True
1971,True
4230,False
1772,True
8933,False
10145,False
9544,False
6836,False
7331,False
756,True
6455,False
6468,False
7151,False
9169,False
43,True
1059,True
9994,False
1977,True
6625,False
4064,False
6795,False
6916,False
783,True
8005,False
7588,False
1532,True
11367,False
8571,False
10540,False
1446,True
3939,False
271,True
4018,False
11762,False
9829,False
6510,False
4268,False
4871,False
10215,False
8530,False
9936,False
11634,False
5925,False
2613,False
6001,False
9488,False
5635,False
4172,False
3183,False
3450,False
8696,False
4020,False
1913,True
7163,False
411,True
9264,False
491,True
5717,False
2160,False
10354,False
3757,False
4700,False
2798,False
11176,False
9681,False
4273,False
35,True
9850,False
7643,False
10835,False
10209,False
2549,False
3514,False
5071,False
1435,True
2382,False
211,True
9566,False
6137,False
8686,False
8879,False
1510,True
1028,True
7631,False
832,True
10196,False
9757,False
6716,False
10904,False
7139,False
9957,False
8799,False
2393,False
11621,False
9694,False
11823,False
1167,True
11107,False
8878,False
1954,True
3692,False
7292,False
7086,False
9784,False
2264,False
6848,False
6275,False
1782,True
5323,False
8146,False
6119,False
2450,False
1814,True
6653,False
4790,False
11156,False
11726,False
865,True
4359,False
2413,False
2396,False
5440,False
9399,False
32,True
1244,True
8547,False
9950,False
2313,False
6068,False
2316,False
2487,False
5953,False
10296,False
894,True
4488,False
6945,False
10586,False
9882,False
1546,True
3959,False
2271,False
423,True
2439,False
7214,False
11627,False
3016,False
10859,False
8568,False
4571,False
6913,False
1773,True
34,True
1356,True
8063,False
500,True
4689,False
520,True
5660,False
9911,False
6168,False
9803,False
8354,False
7831,False
3657,False
11589,False
70,True
5545,False
3464,False
5937,False
7979,False
6345,False
